[
  {
    "address": "0x842f38e1879b598e5537cb6a7b118422fb1d0dfb",
    "password": "ypsC1S0F3PTSbahYot"
  },
  {
    "address": "0x32ea92ac4bb3d2b38ea7c3f5b52e5b981a2d773a",
    "password": "QR9eK8X344C55rm"
  },
  {
    "address": "0xebedf35b8b935c66ba62b0ede08e98d2aee5e675",
    "password": "dsWVsrUMJ1LXz9A"
  },
  {
    "address": "0xdb54ac6159f56b7ce13d67e764940e5845c67904",
    "password": "Ne6iFhwWru8J3bhSNA"
  },
  {
    "address": "0x6aac1113647bd9266abb610824806ff41da0ea0a",
    "password": "1eFWrtbHQqS7431v"
  },
  {
    "address": "0x54a9dbf063682c6efdf9c19f97fc1d54c8dc4992",
    "password": "R6jKQvNvf64sxBe6Xp"
  },
  {
    "address": "0x73620c24dab4da22051c2eb802d5aae01eb04fed",
    "password": "Dc78gBF9UC4C902N8"
  },
  {
    "address": "0x17d5f74db2baa283c94619ce5ecf31a439bde6d5",
    "password": "NGVE6HNuVCG9XM4"
  },
  {
    "address": "0xdfd6cf720f2f5ce56e9faebcbdf7b468da1f2da6",
    "password": "Z8Zp2H6UNNohhv1Q"
  },
  {
    "address": "0x88264bf842911173d331f407ba4dedfe00e8469b",
    "password": "xMuYA09ydaiow3G"
  },
  {
    "address": "0x7116b0fc4397b7940ad5998d5f38d78de0482112",
    "password": "Rsf0xHK1d37w4byV"
  },
  {
    "address": "0xa0b2ce52de0a64e1b36998dd3fae020874e4456c",
    "password": "V2emQBjCM5SML1F12"
  },
  {
    "address": "0x072cb77c6cc48004ed2841cfdc6afb1912fc8629",
    "password": "qEj8QjXA9vYen9Ya52"
  },
  {
    "address": "0xce379e8788e3f85d5c0cb7e1ba9f5a9b158f7988",
    "password": "jNMYgPzj9i4R6sEF"
  },
  {
    "address": "0xe23c8041a7a5a588060d568d946652a777198056",
    "password": "V3aL1HRkjaMj845YV1A8"
  },
  {
    "address": "0xddad2ee48be35066e96171fedf064b8b2a5ae99b",
    "password": "Sfr5QGtUScYQ1i0n0e0"
  },
  {
    "address": "0x1648a8f2ee649d2be68585f7fae9943dd31f639f",
    "password": "p0jBVVfUeMpJhzmHeE"
  },
  {
    "address": "0x92c801395e8c425207c8419a59852d90f1e0e3c9",
    "password": "D6vT32PS58xMtL85b3g"
  },
  {
    "address": "0xa8f22240fa8949ede6bd8fd8415aad0b4e7da32c",
    "password": "6uQ6TSj92tbqmiqsp"
  },
  {
    "address": "0xaa7ef37bdb113541f181fe86d93d734e861505f2",
    "password": "o4UESBW6M52EX8VYiY"
  },
  {
    "address": "0x93eac9f6696a5d150acd2d2ea3ff7c0b3fb7e2c4",
    "password": "4BNkV2VriHTC5igHsYWm"
  },
  {
    "address": "0x1751e60d11ed3f0d4f3f7494b36dea94976e2d33",
    "password": "3TR9tGKdY2uwgxD"
  },
  {
    "address": "0xee602aa50705d51cdffdc168664b0fb8408f7a50",
    "password": "ciDzbcsKFv1m2W84g"
  },
  {
    "address": "0x37520de61febb96584e9e7ac41d4a90556c8bd77",
    "password": "MT2epJbcnE8KZzHE190"
  },
  {
    "address": "0xc2fcf7a62d5ba153b8c1fec0bc9f6a3328220d3f",
    "password": "9Un58q7UGjkzXidg"
  },
  {
    "address": "0x27488d7d61130dd691a40010e32f4ab52b3c8f60",
    "password": "R8SCz9sS39B8Esgn8LL"
  },
  {
    "address": "0x011351fc561c456c375c4648512e97be6a7feabc",
    "password": "bT6uokaHDo7rQ5L"
  },
  {
    "address": "0x95398b40863421ada7c6590a94ae4fa45354efeb",
    "password": "gg29EJZVnYEzTKY7"
  },
  {
    "address": "0xe9999d6adda21959b2d8beec805e29c4e4cad3e5",
    "password": "e529yggTX0T565yA08K"
  },
  {
    "address": "0x03ce594d17a15a18986e99e837d30b9976c8b4c1",
    "password": "5c0S1FBKiY2Buzy"
  },
  {
    "address": "0x1e2bc9c6048206c0af7b795bc64fd9e7fb6e0a49",
    "password": "N8J13gW5Ntd6w2W"
  },
  {
    "address": "0x5ba6a06309e279f43bd3196203f53b34f4a4eb9f",
    "password": "q85oZwYce67iUx1"
  },
  {
    "address": "0x4edbd8e7dc8d598fc457a66cd1c73d0d052295d4",
    "password": "yf1nNCYjpJrNi3n1bM"
  },
  {
    "address": "0xa73c30ab4e27202b69670c6d5df291209feb74bd",
    "password": "W8Xn5kEEMxVfc92qb"
  },
  {
    "address": "0xeffe7bc96b9fd3de6738e67ef56b79ac437122cf",
    "password": "fVi6wvxr6d6LR3uE3"
  },
  {
    "address": "0xda1a3172b61eb358d6baf7e79af01f8becc213e9",
    "password": "sXA645ABiaAjoYfe86MP"
  },
  {
    "address": "0xfda3fe04a63eaf60a7364d1506725e9e53946f5f",
    "password": "kZZ7CMp84dbJ6t5H"
  },
  {
    "address": "0xf79e00316f1804bfc6567e13e30990fcb90e9f42",
    "password": "v0aDweJvQR4MwzZq0RF"
  },
  {
    "address": "0x7bb80927bc7a7559d359ad054b319e406094d1eb",
    "password": "EN4Zx36zGN03LZW"
  },
  {
    "address": "0x40cfc03368074a424e8e1ec3cbb5194b439b15ad",
    "password": "2FZY518L1qy4jp95"
  },
  {
    "address": "0x39a37e3269e15e4ac04059e0f668f0774040c359",
    "password": "CZnVs5frFQbpjuCXDT"
  },
  {
    "address": "0xdfa0f254b0c276f1464f0b73bf031893d95aa894",
    "password": "Upc4bQ2tFHaCuX3P7Hv4"
  },
  {
    "address": "0xac525f4501b37056d7807d4b0d7f1fddccb1db5b",
    "password": "zGC2C8y5z28TX1n"
  },
  {
    "address": "0xd26388dfdb42c02e65b30a695a5f7479be636f6b",
    "password": "WJNZyBS4q8ohgjsA6mG"
  },
  {
    "address": "0xf42b8d30ea9e68ddc2981793c9579c0f58f7ec68",
    "password": "LCHuxKL1Z9DS99t"
  },
  {
    "address": "0x037ea0966482b6c841cdf35030af8b7efd364823",
    "password": "0uQf9MN0aTi5KD8"
  },
  {
    "address": "0xc39b6e65d99a992d7fd0aa12cea66bb3e35f98c2",
    "password": "j2aDCj19cj6ep75y8Cv"
  },
  {
    "address": "0x5b4a3799429aa2d70b28577b22b5e4b0e41545ef",
    "password": "2SZcQHS002tBY08be4"
  },
  {
    "address": "0x752e43b2f9b83a8acfb5fa27bd9a5c6709f48742",
    "password": "g3V86rbH2YcSYmyz9Ur"
  },
  {
    "address": "0x317ed2c684a0de4f3a805f5623f0b7c1b78c4c01",
    "password": "E971JWP8cFy6EkB9jA"
  },
  {
    "address": "0x42d663f10513edb60eab733e20adfee77ccea35d",
    "password": "62B7LTh8kBtu2TziZi"
  },
  {
    "address": "0x5eb8876befd5ceaebb1ca246d991290e8bf2b9db",
    "password": "Du3GSG5Y3aAAxS6Q2UuM"
  },
  {
    "address": "0x15c56547a36618af6d039d6d628266cfa6a3b471",
    "password": "XP32N8p7L952j5EMX"
  },
  {
    "address": "0x6f83595745048a3716fde49c45e3baa7de08462e",
    "password": "82oVArBNGi2D28eR2W"
  },
  {
    "address": "0x4723b15472492b2e2f7304b23099d77e8e8ec1fc",
    "password": "fgHbQX4oWsWsUf8nSTZ7"
  },
  {
    "address": "0xd6c8d62a73c4f42e5df3d167c79449480e44fab1",
    "password": "ehTDsfDhn5e7VBLLg85U"
  },
  {
    "address": "0x6943199401d66377b7f64d3a5a67be62dda7969e",
    "password": "t53V932QrSn0QLG3Kb5d"
  },
  {
    "address": "0xfbd767a8dface5c87ffc01ef1812f7c469938275",
    "password": "5zWfvgRqEcf5W44SY10D"
  },
  {
    "address": "0x620224319e9b063319c3f80098c9d841c212fbfc",
    "password": "aVSGiHzyYyNtPu6aJYpY"
  },
  {
    "address": "0x7edd861fe8ed30915ab75c6ceaaeb52828eda274",
    "password": "hjN001mc3ta83Sgidn"
  },
  {
    "address": "0xcb4d9b8bbf25f1210f19a2d7cbcc93225879cfb0",
    "password": "3CHsS8kije6BEqk729iB"
  },
  {
    "address": "0x888f37fbbec08733e759334d940a177c3f5069fd",
    "password": "8oMMuqEkMWXr8ocdBZ3Z"
  },
  {
    "address": "0x15d3ddd805a485509c27c804c6815e4215c51275",
    "password": "283Xs5zm6E07wtBre0rB"
  },
  {
    "address": "0x92b3417feefedbc5cdcab8aa3b619b078aaa6a5b",
    "password": "LS61Fd9y6Mt3bQ0B"
  },
  {
    "address": "0xc7b04a7a18f2b2478060427bdff04d8fde563529",
    "password": "Fcu0qv8w4gZa26mGym"
  },
  {
    "address": "0xbfa71811fad1de159348ad4b36b33268367fd200",
    "password": "3qca797XScmw30hnr6"
  },
  {
    "address": "0xd1aa60389ead9f998d79d4e8c969ebdde981e4da",
    "password": "6y4qZV9WKycnbW7d1"
  },
  {
    "address": "0xabe07008f4088bc8b066ff442b408115e5e1e496",
    "password": "9NXkf5h2y784WUwkgWfe"
  },
  {
    "address": "0x9a76e9c88c811563471f8ef26d33bae5f5343aa3",
    "password": "4NYF450702AC5R2kao"
  },
  {
    "address": "0x9d948e4cf891c49fc250ec9fbf21cfda1f487cfb",
    "password": "7v35CNBZBB3yz0EQX"
  },
  {
    "address": "0x3edda0bb5783ec8bd12274d70d478d02f727f734",
    "password": "DDx5C85Uz3i0qQHxKD4"
  },
  {
    "address": "0x05239a8e95a3151f9ed6a175c9fc5faa9244d792",
    "password": "1tXeNfph3iPuuj5nL1"
  },
  {
    "address": "0x311026d877140cb8785932a2ca83b28d66d7105a",
    "password": "UN190370jCR5WaqJ035"
  },
  {
    "address": "0xd7a3d836101dd210787b0de11cc0684f083a7c6d",
    "password": "pZ2WqX2Cf5U97qC"
  },
  {
    "address": "0x85a7ebba4ca435850685cad2822b623a12cf3d61",
    "password": "rdE8qPeP71jkjbT2"
  },
  {
    "address": "0x29399c03189938a6f746469e284ec266dd609384",
    "password": "Mg2TqCbFKracWAKs"
  },
  {
    "address": "0xf00b0e1230cb3998721887c6029314ff5c068c29",
    "password": "pyf68GsRjAyxx30vV"
  },
  {
    "address": "0x1adb91ddf71dc6be7265b29b9c5e4d8e17ee2633",
    "password": "Cb6BYxokse43A006Fu"
  },
  {
    "address": "0xc4b3d1b2d44dca4af43c180f7745445739fc0a98",
    "password": "upWsA1Q7mQD6KDR2"
  },
  {
    "address": "0x5e21d97bb8c31ed0ab8448d0ec10cffd67ac28ec",
    "password": "D4xQ46F8PckycM2a4o"
  },
  {
    "address": "0xe89b2bcdba23895e960341d057f5b36deb7809e0",
    "password": "pWbKvGRMbV8aTT1"
  },
  {
    "address": "0xd6bf4d0ecdae120231c789b2b114f5e6ea9b1e0d",
    "password": "BS3rcjsm4S18pr0R6M4"
  },
  {
    "address": "0xc343e9c2197220f319ea7cd80893743894adf1fc",
    "password": "FF811G58pJ9C79p9NL"
  },
  {
    "address": "0xb0c0515360fcf557f07a8da43daaeb32e1fb61b4",
    "password": "qD6j7pQa5nzjCdGpz45"
  },
  {
    "address": "0x595b0b0ffac8214b9b68dcfddca7f78e028c86b5",
    "password": "YByGXThL90RahS9Z"
  },
  {
    "address": "0x0471dc48c282f7b8969e49ea9986f624e0082745",
    "password": "mpkrH9e5FvArEaT64j"
  },
  {
    "address": "0xca267b611b12a81b2206266ced0c77288a48a548",
    "password": "7oW1Y66njqj3bX4dck"
  },
  {
    "address": "0x89adce311acbd429e4b6c7038788a47fa8bfe7b7",
    "password": "znkx1aH7BEZ9PgX"
  },
  {
    "address": "0x450ae5fc1804ab8dfd46c166d83ba34460532c6c",
    "password": "NyBGUq4BNkTrx3Cn"
  },
  {
    "address": "0xe776593b29685f6c394a17daf95f396662d3a4b0",
    "password": "18VPd36dTzNkjt7"
  },
  {
    "address": "0x21e557d646dd883f5d26fce21f4b814eddf85c8e",
    "password": "LEx4u483dFQ1vB33"
  },
  {
    "address": "0xb5956d5067607f3f995376bce3430b63570a4a54",
    "password": "0b7A5z2semfkYq1o4tP"
  },
  {
    "address": "0xc98bb2738849d50564860ee866845ec88c4b92ac",
    "password": "oVxRi95qddH7pC2yKE26"
  },
  {
    "address": "0xd98b21192ac14231d2d9cb6bf8ae89768aec26c5",
    "password": "kbydiRSpPSA80erEK9tS"
  },
  {
    "address": "0xbf03df80a15aa723cd8c0cf439c247c8412c026e",
    "password": "1wRS279mU3KBVSsns"
  },
  {
    "address": "0x0050f1985d3773f42cb59feeafe599226a5cc504",
    "password": "1ciE36n94sApWwjjj2"
  },
  {
    "address": "0x691d51aefac9ac83c108b2cb08db105a2e8de536",
    "password": "w6YPgTyv2s10WqCboNmJ"
  },
  {
    "address": "0x7a35e7e1da271b14a35965a2dfb6eba44c4145b8",
    "password": "E99P8xqLSouKjJf0R"
  },
  {
    "address": "0x5a04a7dcd854310a2f83688ac65cd47ab786843b",
    "password": "yd4Fi8K6dH3Vme3GQ1ya"
  },
  {
    "address": "0x47e6b3690575f9283911583855610c606deb8f6b",
    "password": "aB1i51MD7kesX59y55"
  }
]